<category><picture>5317034da4513mobiliers.png</picture><sound></sound><text>Möbel</text><textcolor>#CCCCCC</textcolor><indiagrams><indiagram>objets/mobiliers/5317034da5c65canap.xml</indiagram><indiagram>objets/mobiliers/5317034da8632chaise.xml</indiagram><indiagram>objets/mobiliers/5317034daadb1fauteuil.xml</indiagram><indiagram>objets/mobiliers/5317034dad537lit.xml</indiagram><indiagram>objets/mobiliers/5317034dafcc0table.xml</indiagram><indiagram>objets/mobiliers/5317034db2064tableau.xml</indiagram><indiagram>objets/mobiliers/5317034db4e02tabouret.xml</indiagram></indiagrams></category>