<category><picture>5317034c9613eautres.png</picture><sound></sound><text>Verschiedenes</text><textcolor>#CCCCCC</textcolor><indiagrams><indiagram>objets/autres/5317034c97290laine.xml</indiagram><indiagram>objets/autres/5317034c98601cartable.xml</indiagram><indiagram>objets/autres/5317034c998fccendrier.xml</indiagram><indiagram>objets/autres/5317034c9ac9fcl.xml</indiagram><indiagram>objets/autres/5317034c9c04bcolle.xml</indiagram><indiagram>objets/autres/5317034c9d238coussins.xml</indiagram><indiagram>objets/autres/5317034ca20acfeu.xml</indiagram><indiagram>objets/autres/5317034ca6e64feudartifice.xml</indiagram><indiagram>objets/autres/5317034caae00gomme.xml</indiagram><indiagram>objets/autres/5317034caf558horloge.xml</indiagram><indiagram>objets/autres/5317034cb2dfclivre.xml</indiagram><indiagram>objets/autres/5317034cb708dloupe.xml</indiagram><indiagram>objets/autres/5317034cbe5camachinelaver.xml</indiagram><indiagram>objets/autres/5317034cbfad1marteau.xml</indiagram><indiagram>objets/autres/5317034cc1315mirroir.xml</indiagram><indiagram>objets/autres/5317034cc4f3dmobile.xml</indiagram><indiagram>objets/autres/5317034cc8e94neige.xml</indiagram><indiagram>objets/autres/5317034ccde0cordinateur.xml</indiagram><indiagram>objets/autres/5317034cd4b2cparapluie.xml</indiagram><indiagram>objets/autres/5317034cdaf62peigne.xml</indiagram><indiagram>objets/autres/5317034cdea6apoubelle.xml</indiagram><indiagram>objets/autres/5317034d33cfdprotectionsolaire.xml</indiagram><indiagram>objets/autres/5317034d378adrasoir.xml</indiagram><indiagram>objets/autres/5317034d3b31esacdos.xml</indiagram><indiagram>objets/autres/5317034d3d40asacmain.xml</indiagram><indiagram>objets/autres/5317034d3f036savon.xml</indiagram><indiagram>objets/autres/5317034d460desecours.xml</indiagram><indiagram>objets/autres/5317034d4b338shampoing.xml</indiagram><indiagram>objets/autres/5317034d4f8dbsoleil.xml</indiagram><indiagram>objets/autres/5317034d51eaftaillecrayon.xml</indiagram><indiagram>objets/autres/5317034d5641bventilateur.xml</indiagram></indiagrams></category>