<category><picture>5317034dd90e8vetements.png</picture><sound></sound><text>Kleidung</text><textcolor>#CCCCCC</textcolor><indiagrams><indiagram>objets/vetements/5317034dda68abottes.xml</indiagram><indiagram>objets/vetements/5317034ddc1b1casquette.xml</indiagram><indiagram>objets/vetements/5317034ddd855chaussures.xml</indiagram><indiagram>objets/vetements/5317034ddeaebchemisedenuit.xml</indiagram><indiagram>objets/vetements/5317034de3876couche.xml</indiagram><indiagram>objets/vetements/5317034de4c14gants.xml</indiagram><indiagram>objets/vetements/5317034de6061lunettes.xml</indiagram><indiagram>objets/vetements/5317034de7414manteau.xml</indiagram><indiagram>objets/vetements/5317034de866apantalon.xml</indiagram><indiagram>objets/vetements/5317034de982apull.xml</indiagram><indiagram>objets/vetements/5317034deaa25pyjama.xml</indiagram><indiagram>objets/vetements/5317034debf23robe.xml</indiagram><indiagram>objets/vetements/5317034ded12esalopette.xml</indiagram><indiagram>objets/vetements/5317034dee378serviettes.xml</indiagram><indiagram>objets/vetements/5317034def5d6slip.xml</indiagram><indiagram>objets/vetements/5317034df0a3csoutiengorge.xml</indiagram><indiagram>objets/vetements/5317034df1bd4tablier.xml</indiagram></indiagrams></category>