<category><picture>5317034d5871ajouets.png</picture><sound></sound><text>Spielzeug</text><textcolor>#CCCCCC</textcolor><indiagrams><indiagram>objets/jouets/5317034d5cdd7baladeur.xml</indiagram><indiagram>objets/jouets/5317034d605a7ballon.xml</indiagram><indiagram>objets/jouets/5317034d6164ccartes.xml</indiagram><indiagram>objets/jouets/5317034d645eccerfvolant.xml</indiagram><indiagram>objets/jouets/5317034d68407consoledejeux.xml</indiagram><indiagram>objets/jouets/5317034d6a303feutres.xml</indiagram><indiagram>objets/jouets/5317034d6d1eefrisbee.xml</indiagram><indiagram>objets/jouets/5317034d711dcjumelles.xml</indiagram><indiagram>objets/jouets/5317034d746f6luge.xml</indiagram><indiagram>objets/jouets/5317034d775c4ours.xml</indiagram><indiagram>objets/jouets/5317034d7a4f6peluches.xml</indiagram><indiagram>objets/jouets/5317034d7d627pinceaux.xml</indiagram><indiagram>objets/jouets/5317034d7feb5pingpong.xml</indiagram><indiagram>objets/jouets/5317034d82069pistolet.xml</indiagram><indiagram>objets/jouets/5317034d844e8poupe.xml</indiagram><indiagram>objets/jouets/5317034d85ee1puzzle.xml</indiagram><indiagram>objets/jouets/5317034d88269tambour.xml</indiagram><indiagram>objets/jouets/5317034d8a62btapecul.xml</indiagram><indiagram>objets/jouets/5317034d8e354tennis.xml</indiagram><indiagram>objets/jouets/5317034d9aacctrampoline.xml</indiagram><indiagram>objets/jouets/5317034d9d376trottinette.xml</indiagram><indiagram>objets/jouets/5317034d9fee7vlo.xml</indiagram></indiagrams></category>