<category><picture>5317034db9447ustensiles.png</picture><sound></sound><text>Kochutensilien</text><textcolor>#CCCCCC</textcolor><indiagrams><indiagram>objets/ustensiles/5317034dbafbbbol.xml</indiagram><indiagram>objets/ustensiles/5317034dbd1fcbols.xml</indiagram><indiagram>objets/ustensiles/5317034dbfb37bouilloire.xml</indiagram><indiagram>objets/ustensiles/5317034dc22e2brosse.xml</indiagram><indiagram>objets/ustensiles/5317034dc4effcasserole.xml</indiagram><indiagram>objets/ustensiles/5317034dc777eciseaux.xml</indiagram><indiagram>objets/ustensiles/5317034dca2abcouverts.xml</indiagram><indiagram>objets/ustensiles/5317034dcc9d1ferarepasser.xml</indiagram><indiagram>objets/ustensiles/5317034dcfae1fourchette.xml</indiagram><indiagram>objets/ustensiles/5317034dd1610louche.xml</indiagram><indiagram>objets/ustensiles/5317034dd313dpailles.xml</indiagram><indiagram>objets/ustensiles/5317034dd4ad6tasse.xml</indiagram><indiagram>objets/ustensiles/5317034dd654ctournevis.xml</indiagram></indiagrams></category>