<category><picture>5317034bb7ebdchiffres.png</picture><sound></sound><text>figures</text><textcolor>#CCCCCC</textcolor><indiagrams><indiagram>chiffres/5317034bb8e54cinq.xml</indiagram><indiagram>chiffres/5317034bba7fcdeux.xml</indiagram><indiagram>chiffres/5317034bc0121huit.xml</indiagram><indiagram>chiffres/5317034bc1b11neuf.xml</indiagram><indiagram>chiffres/5317034bc3334quatre.xml</indiagram><indiagram>chiffres/5317034bc4ba6sept.xml</indiagram><indiagram>chiffres/5317034bc6676six.xml</indiagram><indiagram>chiffres/5317034bc7b4atrois.xml</indiagram><indiagram>chiffres/5317034bc9326un.xml</indiagram></indiagrams></category>