<category><picture>5317034b73ef3animaux.png</picture><sound></sound><text>animals</text><textcolor>#CCCCCC</textcolor><indiagrams><indiagram>animaux/5317034b75f53araigne.xml</indiagram><indiagram>animaux/5317034b7743fcanard.xml</indiagram><indiagram>animaux/5317034b786a2chat.xml</indiagram><indiagram>animaux/5317034b798e3chenille.xml</indiagram><indiagram>animaux/5317034b7ac1echeval.xml</indiagram><indiagram>animaux/5317034b825aachien.xml</indiagram><indiagram>animaux/5317034b83d67cochon.xml</indiagram><indiagram>animaux/5317034b8c452coquillage.xml</indiagram><indiagram>animaux/5317034b90ee6crabe.xml</indiagram><indiagram>animaux/5317034b9234cgrenouille.xml</indiagram><indiagram>animaux/5317034b9638egupe.xml</indiagram><indiagram>animaux/5317034b977b8lapin.xml</indiagram><indiagram>animaux/5317034b9900elion.xml</indiagram><indiagram>animaux/5317034b9b2a2mouton.xml</indiagram><indiagram>animaux/5317034b9d942oie.xml</indiagram><indiagram>animaux/5317034ba4d21oiseau.xml</indiagram><indiagram>animaux/5317034ba6b99papillon.xml</indiagram><indiagram>animaux/5317034ba8897pigeon.xml</indiagram><indiagram>animaux/5317034ba9e79poisson.xml</indiagram><indiagram>animaux/5317034bac108poney.xml</indiagram><indiagram>animaux/5317034bad7a3tortue.xml</indiagram><indiagram>animaux/5317034baf120vache.xml</indiagram><indiagram>animaux/5317034bb5341zbre.xml</indiagram></indiagrams></category>