<category><picture>5317034e00671partiesducorps.png</picture><sound></sound><text>body</text><textcolor>#CCCCCC</textcolor><indiagrams><indiagram>partiesducorps/5317034e0117fbras.xml</indiagram><indiagram>partiesducorps/5317034e022f6coeur.xml</indiagram><indiagram>partiesducorps/5317034e033f2cou.xml</indiagram><indiagram>partiesducorps/5317034e044f9dos.xml</indiagram><indiagram>partiesducorps/5317034e05659genou.xml</indiagram><indiagram>partiesducorps/5317034e0682eindex.xml</indiagram><indiagram>partiesducorps/5317034e07bfdjambes.xml</indiagram><indiagram>partiesducorps/5317034e08dc1langue.xml</indiagram><indiagram>partiesducorps/5317034e09f14mains.xml</indiagram><indiagram>partiesducorps/5317034e0b102nez.xml</indiagram><indiagram>partiesducorps/5317034e0c270oeil.xml</indiagram><indiagram>partiesducorps/5317034e0d437oreille.xml</indiagram><indiagram>partiesducorps/5317034e0e4ecpieds.xml</indiagram><indiagram>partiesducorps/5317034e0f678poing.xml</indiagram><indiagram>partiesducorps/5317034e1077dpoitrine.xml</indiagram><indiagram>partiesducorps/5317034e1184atte.xml</indiagram><indiagram>partiesducorps/5317034e1291fventre.xml</indiagram></indiagrams></category>