<category><picture>5317034bcbc16couleurs.png</picture><sound></sound><text>colors</text><textcolor>#CCCCCC</textcolor><indiagrams><indiagram>couleurs/5317034bcf122blanc.xml</indiagram><indiagram>couleurs/5317034bd0b2fbleu.xml</indiagram><indiagram>couleurs/5317034bd235fbrun.xml</indiagram><indiagram>couleurs/5317034bd3c5fgris.xml</indiagram><indiagram>couleurs/5317034bd5611jaune.xml</indiagram><indiagram>couleurs/5317034bd6e8anoir.xml</indiagram><indiagram>couleurs/5317034bd8f3eorange.xml</indiagram><indiagram>couleurs/5317034bda1f8rose.xml</indiagram><indiagram>couleurs/5317034bdbc04rouge.xml</indiagram><indiagram>couleurs/5317034bdd58evert.xml</indiagram><indiagram>couleurs/5317034bdee34violet.xml</indiagram></indiagrams></category>