<category><picture>5317034e2c105temps.png</picture><sound></sound><text>weather</text><textcolor>#CCCCCC</textcolor><indiagrams><indiagram>temps/5317034e2cbb5automne.xml</indiagram><indiagram>temps/5317034e2dd8dt.xml</indiagram><indiagram>temps/5317034e2ef2cgrle.xml</indiagram><indiagram>temps/5317034e30107hiver.xml</indiagram><indiagram>temps/5317034e315b5jour.xml</indiagram><indiagram>temps/5317034e326c4neige.xml</indiagram><indiagram>temps/5317034e3394anuit.xml</indiagram><indiagram>temps/5317034e34a2forage.xml</indiagram><indiagram>temps/5317034e35ce6pluie.xml</indiagram><indiagram>temps/5317034e39a6dprintemps.xml</indiagram><indiagram>temps/5317034e3ad67tempte.xml</indiagram><indiagram>temps/5317034e3bf45vent.xml</indiagram><indiagram>temps/5317034e3d206weekend.xml</indiagram></indiagrams></category>