<category><picture>5317034e14724personnes.png</picture><sound></sound><text>people</text><textcolor>#CCCCCC</textcolor><indiagrams><indiagram>personnes/5317034e16258amis.xml</indiagram><indiagram>personnes/5317034e1742celle.xml</indiagram><indiagram>personnes/5317034e18538enseignante.xml</indiagram><indiagram>personnes/5317034e19619famille.xml</indiagram><indiagram>personnes/5317034e1a7bafemme.xml</indiagram><indiagram>personnes/5317034e1b8f6frere.xml</indiagram><indiagram>personnes/5317034e1ccd9grandsparents.xml</indiagram><indiagram>personnes/5317034e1df1ahomme.xml</indiagram><indiagram>personnes/5317034e1f080lui.xml</indiagram><indiagram>personnes/5317034e2085fmaman.xml</indiagram><indiagram>personnes/5317034e21ad8mdecin.xml</indiagram><indiagram>personnes/5317034e22aeemoi.xml</indiagram><indiagram>personnes/5317034e23c55nous.xml</indiagram><indiagram>personnes/5317034e24d3bpapa.xml</indiagram><indiagram>personnes/5317034e25e7fqui.xml</indiagram><indiagram>personnes/5317034e26f44soeur.xml</indiagram><indiagram>personnes/5317034e27ff4toi.xml</indiagram><indiagram>personnes/5317034e2910etousensemble.xml</indiagram><indiagram>personnes/5317034e2a31dvous.xml</indiagram></indiagrams></category>