<category><picture>5317034b069b0fruitslegumes.png</picture><sound></sound><text>Obst und Gemüse</text><textcolor>#CCCCCC</textcolor><indiagrams><indiagram>aliments/fruitslegumes/5317034b09f4faubergine.xml</indiagram><indiagram>aliments/fruitslegumes/5317034b0d7c1bananes.xml</indiagram><indiagram>aliments/fruitslegumes/5317034b0ead1carotte.xml</indiagram><indiagram>aliments/fruitslegumes/5317034b0fd1fcerises.xml</indiagram><indiagram>aliments/fruitslegumes/5317034b12c18citron.xml</indiagram><indiagram>aliments/fruitslegumes/5317034b141a9fraise.xml</indiagram><indiagram>aliments/fruitslegumes/5317034b1df0bharicots.xml</indiagram><indiagram>aliments/fruitslegumes/5317034b26affkiwi.xml</indiagram><indiagram>aliments/fruitslegumes/5317034b290b0laitue.xml</indiagram><indiagram>aliments/fruitslegumes/5317034b2bbcfmelon.xml</indiagram><indiagram>aliments/fruitslegumes/5317034b3192enoix.xml</indiagram><indiagram>aliments/fruitslegumes/5317034b36498pastque.xml</indiagram><indiagram>aliments/fruitslegumes/5317034b38f3bpoire.xml</indiagram><indiagram>aliments/fruitslegumes/5317034b3d9eapoireau.xml</indiagram><indiagram>aliments/fruitslegumes/5317034b41bc6pomme.xml</indiagram><indiagram>aliments/fruitslegumes/5317034b4468eprune.xml</indiagram><indiagram>aliments/fruitslegumes/5317034b46c38raisins.xml</indiagram><indiagram>aliments/fruitslegumes/5317034b4c52dtomate.xml</indiagram></indiagrams></category>