<category><picture>5317034be14d2emotionsetats.png</picture><sound></sound><text>Gefühle und Zustände</text><textcolor>#CCCCCC</textcolor><indiagrams><indiagram>emotionsetats/5317034be2676avoirmalauxdents.xml</indiagram><indiagram>emotionsetats/5317034be6cbabien.xml</indiagram><indiagram>emotionsetats/5317034be8afachaud.xml</indiagram><indiagram>emotionsetats/5317034bea338embarrass.xml</indiagram><indiagram>emotionsetats/5317034bebc87mu.xml</indiagram><indiagram>emotionsetats/5317034bef31btonn.xml</indiagram><indiagram>emotionsetats/5317034bf0febetremalade.xml</indiagram><indiagram>emotionsetats/5317034c05cadfch.xml</indiagram><indiagram>emotionsetats/5317034c09c7bfatigu.xml</indiagram><indiagram>emotionsetats/5317034c0ea37fier.xml</indiagram><indiagram>emotionsetats/5317034c104f3fort.xml</indiagram><indiagram>emotionsetats/5317034c1d70cgentil.xml</indiagram><indiagram>emotionsetats/5317034c20953heureux.xml</indiagram><indiagram>emotionsetats/5317034c245b8impatient.xml</indiagram><indiagram>emotionsetats/5317034c26895maldegorge.xml</indiagram><indiagram>emotionsetats/5317034c287cbmalheureux.xml</indiagram><indiagram>emotionsetats/5317034c2a203mauvais.xml</indiagram><indiagram>emotionsetats/5317034c2cab8mchant.xml</indiagram><indiagram>emotionsetats/5317034c2e756peur.xml</indiagram><indiagram>emotionsetats/5317034c30049pleurer.xml</indiagram><indiagram>emotionsetats/5317034c3b6f5rire.xml</indiagram><indiagram>emotionsetats/5317034c3e40asavoureux.xml</indiagram><indiagram>emotionsetats/5317034c40ee6timide.xml</indiagram></indiagrams></category>