<category><picture>5317034ad65e9aliments.png</picture><sound></sound><text>Lebensmittel</text><textcolor>#CCCCCC</textcolor><indiagrams><indiagram>aliments/5317034add94ealcool.xml</indiagram><indiagram>aliments/5317034adf6c7btteraves.xml</indiagram><indiagram>aliments/5317034ae0b42beurre.xml</indiagram><indiagram>aliments/5317034ae1d28biscuits.xml</indiagram><indiagram>aliments/5317034ae2c1fbonbon.xml</indiagram><indiagram>aliments/5317034ae3caccrales.xml</indiagram><indiagram>aliments/5317034ae5140chocolat.xml</indiagram><indiagram>aliments/5317034aedd28confiture.xml</indiagram><indiagram>aliments/5317034aef050crpes.xml</indiagram><indiagram>aliments/5317034af13b8dessert.xml</indiagram><indiagram>aliments/5317034af2d25eau.xml</indiagram><indiagram>aliments/5317034b01cdbbonbons.xml</indiagram><indiagram>aliments/5317034b05a66frites.xml</indiagram><indiagram>aliments/5317034b4d60ffruitsetlgumes.xml</indiagram><indiagram>aliments/5317034b4ebc6gteau.xml</indiagram><indiagram>aliments/5317034b50e0dglace.xml</indiagram><indiagram>aliments/5317034b52755hamburger.xml</indiagram><indiagram>aliments/5317034b53bc9ketchup.xml</indiagram><indiagram>aliments/5317034b559eflait.xml</indiagram><indiagram>aliments/5317034b59629limonade.xml</indiagram><indiagram>aliments/5317034b5c067oeuf.xml</indiagram><indiagram>aliments/5317034b5fb7fpain.xml</indiagram><indiagram>aliments/5317034b62fb3pates.xml</indiagram><indiagram>aliments/5317034b653a3riz.xml</indiagram><indiagram>aliments/5317034b69d6bsaucisson.xml</indiagram><indiagram>aliments/5317034b6b14esel.xml</indiagram><indiagram>aliments/5317034b6ccaasoda.xml</indiagram><indiagram>aliments/5317034b6f700sucre.xml</indiagram><indiagram>aliments/5317034b70a14viande.xml</indiagram><indiagram>aliments/5317034b71c89yaourt.xml</indiagram></indiagrams></category>