<category><picture>5317034e3ed3dvehicules.png</picture><sound></sound><text>Fahrzeuge</text><textcolor>#CCCCCC</textcolor><indiagrams><indiagram>vehicules/5317034e74205ambulance.xml</indiagram><indiagram>vehicules/5317034e8f625avion.xml</indiagram><indiagram>vehicules/5317034e921d5bateau.xml</indiagram><indiagram>vehicules/5317034e95147camion.xml</indiagram><indiagram>vehicules/5317034e9786fmoto.xml</indiagram><indiagram>vehicules/5317034e99727police.xml</indiagram><indiagram>vehicules/5317034e9acc6pompier.xml</indiagram><indiagram>vehicules/5317034e9bdd4tracteur.xml</indiagram><indiagram>vehicules/5317034e9d1b8train.xml</indiagram><indiagram>vehicules/5317034e9e12dvoiture.xml</indiagram></indiagrams></category>