<category><picture>5317034c52856lieux.png</picture><sound></sound><text>Orte</text><textcolor>#CCCCCC</textcolor><indiagrams><indiagram>lieux/5317034c5922caroport.xml</indiagram><indiagram>lieux/5317034c5ab90cave.xml</indiagram><indiagram>lieux/5317034c5c485chambre.xml</indiagram><indiagram>lieux/5317034c60525coiffeur.xml</indiagram><indiagram>lieux/5317034c6274ecuisine.xml</indiagram><indiagram>lieux/5317034c65e2bcole.xml</indiagram><indiagram>lieux/5317034c68cc1garage.xml</indiagram><indiagram>lieux/5317034c6a432grenier.xml</indiagram><indiagram>lieux/5317034c6bc04hopital.xml</indiagram><indiagram>lieux/5317034c6d3c3jardin.xml</indiagram><indiagram>lieux/5317034c6ec4bmagasin.xml</indiagram><indiagram>lieux/5317034c703c3maison.xml</indiagram><indiagram>lieux/5317034c74a0fmdecin.xml</indiagram><indiagram>lieux/5317034c78326parcdattraction.xml</indiagram><indiagram>lieux/5317034c79d46plage.xml</indiagram><indiagram>lieux/5317034c7b6c8route.xml</indiagram><indiagram>lieux/5317034c85a7asalledebain.xml</indiagram><indiagram>lieux/5317034c871cdterraindefoot.xml</indiagram><indiagram>lieux/5317034c8865atoboggan.xml</indiagram><indiagram>lieux/5317034c897d3toilette.xml</indiagram><indiagram>lieux/5317034c8aacezoo.xml</indiagram></indiagrams></category>