<category><picture>5317034871da1actions.png</picture><sound></sound><text>Aktionen</text><textcolor>#CCCCCC</textcolor><indiagrams><indiagram>actions/531703487b4feappuyez.xml</indiagram><indiagram>actions/5317034889ff0aspirer.xml</indiagram><indiagram>actions/53170348904fdavoirdesinsomnies.xml</indiagram><indiagram>actions/5317034894da1avoirfaim.xml</indiagram><indiagram>actions/53170348985feboire.xml</indiagram><indiagram>actions/531703489ca54camper.xml</indiagram><indiagram>actions/53170348a03bechanter.xml</indiagram><indiagram>actions/53170348a473achercher.xml</indiagram><indiagram>actions/53170348a8f9achoisir.xml</indiagram><indiagram>actions/53170348afbe5consoler.xml</indiagram><indiagram>actions/53170348b56c4construire.xml</indiagram><indiagram>actions/53170348b949ccourir.xml</indiagram><indiagram>actions/53170348be783cracher.xml</indiagram><indiagram>actions/53170348c38e6creuser.xml</indiagram><indiagram>actions/53170348c6cc9crier.xml</indiagram><indiagram>actions/53170348cac46danser.xml</indiagram><indiagram>actions/53170348cfe52demanderdelaide.xml</indiagram><indiagram>actions/53170348d5ac6dplacer.xml</indiagram><indiagram>actions/53170348d9b64dposer.xml</indiagram><indiagram>actions/53170348df040direbonjour.xml</indiagram><indiagram>actions/53170348e1130direnon.xml</indiagram><indiagram>actions/53170348e4256direoui.xml</indiagram><indiagram>actions/53170348e90f0donner.xml</indiagram><indiagram>actions/53170348ee1d1dormir.xml</indiagram><indiagram>actions/53170349016bechanger.xml</indiagram><indiagram>actions/5317034908363emballer.xml</indiagram><indiagram>actions/531703490adb3entendre.xml</indiagram><indiagram>actions/5317034911710entrer.xml</indiagram><indiagram>actions/531703491730bessuyer.xml</indiagram><indiagram>actions/531703491c1eftudier.xml</indiagram><indiagram>actions/531703491fa16fairecuire.xml</indiagram><indiagram>actions/5317034923726fairelescourses.xml</indiagram><indiagram>actions/5317034926895fairesesdevoirs.xml</indiagram><indiagram>actions/5317034929d2afaireunbisou.xml</indiagram><indiagram>actions/531703492e2dcfermer.xml</indiagram><indiagram>actions/5317034930e0afrapper.xml</indiagram><indiagram>actions/5317034933a53fumer.xml</indiagram><indiagram>actions/5317034938c1fgagner.xml</indiagram><indiagram>actions/531703493ea81gommer.xml</indiagram><indiagram>actions/5317034942191habiter.xml</indiagram><indiagram>actions/5317034948001ignorer.xml</indiagram><indiagram>actions/5317034950742interdire.xml</indiagram><indiagram>actions/5317034955390jouerdelamusique.xml</indiagram><indiagram>actions/531703495aac5laverlescheveux.xml</indiagram><indiagram>actions/531703495eecalire.xml</indiagram><indiagram>actions/5317034964d26manger.xml</indiagram><indiagram>actions/531703496a295mlanger.xml</indiagram><indiagram>actions/531703496ef9fmentir.xml</indiagram><indiagram>actions/5317034973691mesurer.xml</indiagram><indiagram>actions/5317034976cacmettre.xml</indiagram><indiagram>actions/531703497bc35mettredesvtements.xml</indiagram><indiagram>actions/53170349813d3monterlesescalier.xml</indiagram><indiagram>actions/531703498545enager.xml</indiagram><indiagram>actions/531703498f443nedoispascracher.xml</indiagram><indiagram>actions/5317034995cbfnedoitpascrier.xml</indiagram><indiagram>actions/531703499967dnepassedisputer.xml</indiagram><indiagram>actions/53170349a28fenedoitpasfrapper.xml</indiagram><indiagram>actions/53170349a84a6nedoitpasfumer.xml</indiagram><indiagram>actions/53170349ae8bfnedoitpasignorer.xml</indiagram><indiagram>actions/53170349b461anepasjeterlesjouets.xml</indiagram><indiagram>actions/53170349b9cf9nepasmentir.xml</indiagram><indiagram>actions/53170349bf885nepaspincer.xml</indiagram><indiagram>actions/53170349c4db7nepaspousser.xml</indiagram><indiagram>actions/53170349c7951nepassebattre.xml</indiagram><indiagram>actions/53170349cdd2enedoitpastirerlalangue.xml</indiagram><indiagram>actions/53170349d4adenedoitpastirerlescheveux.xml</indiagram><indiagram>actions/53170349da689nepastoucher.xml</indiagram><indiagram>actions/53170349dd79dnepasvoler.xml</indiagram><indiagram>actions/53170349e2e57nettoyer.xml</indiagram><indiagram>actions/53170349e6e2couvrir.xml</indiagram><indiagram>actions/53170349eaff5patiner.xml</indiagram><indiagram>actions/53170349ef90apcher.xml</indiagram><indiagram>actions/53170349f352bpenser.xml</indiagram><indiagram>actions/5317034a0385dpincer.xml</indiagram><indiagram>actions/5317034a0a7a9porter.xml</indiagram><indiagram>actions/5317034a0d147poserunequestion.xml</indiagram><indiagram>actions/5317034a11104pousser.xml</indiagram><indiagram>actions/5317034a15dafprparersonsac.xml</indiagram><indiagram>actions/5317034a1a7fequestionner.xml</indiagram><indiagram>actions/5317034a1fc46raconter.xml</indiagram><indiagram>actions/5317034a23c6eramasser.xml</indiagram><indiagram>actions/5317034a28994rangersachambre.xml</indiagram><indiagram>actions/5317034a2bdb7rflechir.xml</indiagram><indiagram>actions/5317034a2fc9cregarder.xml</indiagram><indiagram>actions/5317034a34800rentrer.xml</indiagram><indiagram>actions/5317034a37ca1sasseoir.xml</indiagram><indiagram>actions/5317034a3ade7brosserlesdents.xml</indiagram><indiagram>actions/5317034a3ead2sebruler.xml</indiagram><indiagram>actions/5317034a44be8sedisputer.xml</indiagram><indiagram>actions/5317034a49affsedoucher.xml</indiagram><indiagram>actions/5317034a4cd41selaverlesmains.xml</indiagram><indiagram>actions/5317034a523fasembrasser.xml</indiagram><indiagram>actions/5317034a565ccsemoucher.xml</indiagram><indiagram>actions/5317034a58f16sennuyer.xml</indiagram><indiagram>actions/5317034a5b723sentir.xml</indiagram><indiagram>actions/5317034a5e0b6separler.xml</indiagram><indiagram>actions/5317034a6094esepeigner.xml</indiagram><indiagram>actions/5317034a631e5sepeser.xml</indiagram><indiagram>actions/5317034a65a54sepromener.xml</indiagram><indiagram>actions/5317034a67fe9seraser.xml</indiagram><indiagram>actions/5317034a6d571sepromenerensemble.xml</indiagram><indiagram>actions/5317034a6fdfasesentirmal.xml</indiagram><indiagram>actions/5317034a71a59sesoigner.xml</indiagram><indiagram>actions/5317034a7bbf4sessuier.xml</indiagram><indiagram>actions/5317034a7f9adshabiller.xml</indiagram><indiagram>actions/5317034a81666siffler.xml</indiagram><indiagram>actions/5317034a83283skier.xml</indiagram><indiagram>actions/5317034a84cf6sonner.xml</indiagram><indiagram>actions/5317034a86928sortirlechien.xml</indiagram><indiagram>actions/5317034a94da7soulever.xml</indiagram><indiagram>actions/5317034aaa08csuer.xml</indiagram><indiagram>actions/5317034aba602tirerlescheveux.xml</indiagram><indiagram>actions/5317034abe57ctoucher.xml</indiagram><indiagram>actions/5317034ac1148travailler.xml</indiagram><indiagram>actions/5317034ac3ca9traverser.xml</indiagram><indiagram>actions/5317034ac6682viderlespoubelles.xml</indiagram><indiagram>actions/5317034ac9161voir.xml</indiagram><indiagram>actions/5317034acbbdfvoler.xml</indiagram><indiagram>actions/5317034ad3a1evoyager.xml</indiagram></indiagrams></category>